,test_roc,test_prc
avg,0.8835766423357665,0.8548404442407007
1,0.8868613138686132,0.9886499745523526
2,0.8802919708029198,0.7210309139290487
