,test_roc,test_prc
avg,0.9649280575539569,0.9857591224713946
1,0.9649280575539569,0.9857591224713946
