,test_roc,test_prc
avg,0.983440170940171,0.7498577912900319
1,0.9861111111111112,0.999715582580064
2,0.9807692307692307,0.5
