,test_roc,test_prc
avg,0.9700722394220846,0.9903852653740939
1,0.9700722394220846,0.9903852653740939
