,test_roc,test_prc
avg,0.9432120674356699,0.9845683615804064
1,0.9432120674356699,0.9845683615804064
