,test_roc,test_prc
avg,0.9752807052102827,0.8083844455199026
1,0.9702797202797203,0.9991498434207577
2,0.980281690140845,0.6176190476190475
